{
  "bulk_insert": {
    "unix_socket": 4.769514799118042,
    "http": 4.7051613330841064
  },
  "aql_queries": {
    "unix_socket": 0.0034486722946166994,
    "http": 0.0029923653602600096
  },
  "vector_search": {
    "unix_socket": 0.043152084350585936,
    "http": 0.04305686950683594
  }
}